,atm_iv,rr25,bf25,slope,curvature,ts_slope_short,ts_slope_long
atm_iv,1.0,-0.8499103472978832,-0.15530317239363545,-0.2042245172646705,-0.4619001114846518,-0.5591889340877749,-0.7150263082465963
rr25,-0.8499103472978832,1.0,-0.05016088354506537,-0.030980931435548028,0.23712453740081835,0.4993395216062852,0.5877918671053011
bf25,-0.15530317239363545,-0.05016088354506537,1.0,0.006751994201521513,0.01868235975434459,0.06330740793846588,0.2897763434319081
slope,-0.2042245172646705,-0.030980931435548028,0.006751994201521513,1.0,0.4959510308885937,0.13305816547095775,0.22432099783874307
curvature,-0.4619001114846518,0.23712453740081835,0.01868235975434459,0.4959510308885937,1.0,0.16153547741739574,0.2684557025247123
ts_slope_short,-0.5591889340877749,0.4993395216062852,0.06330740793846588,0.13305816547095775,0.16153547741739574,1.0,0.6269307307345052
ts_slope_long,-0.7150263082465963,0.5877918671053011,0.2897763434319081,0.22432099783874307,0.2684557025247123,0.6269307307345052,1.0
